{"cameraMode":{"drawMode":0,"name":"Shaded","section":"Shading Mode"},"sceneLighting":true,"audioPlay":false,"sceneViewState":{"showFog":true,"showMaterialUpdate":false,"showSkybox":true,"showFlares":true,"showImageEffects":true,"showParticleSystems":true},"in2DMode":false,"pivot":{"x":13.55709171295166,"y":14.011329650878907,"z":37.68859100341797},"rotation":{"x":-0.08956984430551529,"y":0.00030864818836562335,"z":0.000028025011488352902,"w":0.9959829449653626},"size":19.49542236328125,"orthographic":false}