{"cameraMode":{"drawMode":0,"name":"Shaded","section":"Shading Mode"},"sceneLighting":true,"audioPlay":false,"sceneViewState":{"showFog":true,"showMaterialUpdate":false,"showSkybox":true,"showFlares":true,"showImageEffects":true,"showParticleSystems":true},"in2DMode":false,"pivot":{"x":-1.0865387916564942,"y":2.322829008102417,"z":-0.5309853553771973},"rotation":{"x":-0.08393062651157379,"y":0.8980944156646729,"z":-0.1959424763917923,"w":-0.3846927285194397},"size":3.9073946475982668,"orthographic":false}